Date,Gas Price,Carbon Price,Coal Price,Oil Price,Distillate Price,Exchange Rate (£:€)
1/10/2018,71.85,21.37,101.8,475.888,734.5,1.1226
2/10/2018,71.9,20.98,101.2,474.88,742,1.1231
3/10/2018,70.55,21.18,101.65,483.224,742.25,1.1249
4/10/2018,70.475,21.34,100.8,473.648,744.75,1.1289
5/10/2018,71.1,22.16,101.35,471.296,741.75,1.1342
6/10/2018,71.7625,22.16,101.35,471.296,741.75,1.1342
7/10/2018,71.7625,22.16,101.35,471.296,741.75,1.1342
8/10/2018,71.375,22.16,101.3,469.896,736,1.1342
9/10/2018,71.75,20.79,100.8,476,744.75,1.1405
10/10/2018,67.2125,19.46,99.9,465.304,739.25,1.1435
11/10/2018,65.5,19.87,99.1,449.456,721.5,1.143
12/10/2018,60.325,19.87,99.1,450.408,718,1.143
13/10/2018,66.3625,19.87,99.1,450.408,718,1.143
14/10/2018,66.3625,19.87,99.1,450.408,718,1.143
15/10/2018,66.3,18.58,99.1,452.368,715.75,1.1358
16/10/2018,67.75,19.29,99.05,455.896,715.5,1.1416
17/10/2018,67.225,19.27,99.3,448.28,711.25,1.1371
18/10/2018,65.2,19.74,99.7,444.024,713.75,1.1384
19/10/2018,66.0375,19.71,100.5,446.768,714.75,1.1361
20/10/2018,67.15,19.71,100.5,446.768,714.75,1.1361
21/10/2018,67.15,19.71,100.5,446.768,714.75,1.1361
22/10/2018,68.15,19,100.35,447.048,716.25,1.1309
23/10/2018,65.425,19.23,100.4,428.064,702.5,1.135
24/10/2018,64.675,19.61,100.35,426.552,700,1.1334
25/10/2018,65.25,19.08,100.4,430.584,706.75,1.1295
26/10/2018,64.775,18.28,100.2,434.672,713.5,1.1276
27/10/2018,61.6,18.28,100.2,434.672,713.5,1.1276
28/10/2018,61.6,18.28,100.2,434.672,713.5,1.1276
29/10/2018,63.25,16.68,99.2,433.104,711.5,1.1263
30/10/2018,65,16.02,98.7,425.096,701.75,1.1217
31/10/2018,63.9,16.36,97.55,422.632,709.25,1.1252
1/11/2018,62.05,15.62,95.35,408.184,673.5,1.1341
2/11/2018,61.35,17.08,96.1,407.848,667.75,1.138
3/11/2018,62.025,17.08,96.1,407.848,667.75,1.138
4/11/2018,62.025,17.08,96.1,407.848,667.75,1.138
5/11/2018,61.65,17.23,94.7,409.752,671.75,1.1424
6/11/2018,60.1875,17.57,93.25,403.928,664.75,1.1453
7/11/2018,60.2125,18.62,93.25,403.592,676,1.1441
8/11/2018,62.9125,19.56,93.25,395.64,669.75,1.1473
9/11/2018,61.55,19.56,93.25,393.008,656.5,1.1473
10/11/2018,61,19.56,93.25,393.008,656.5,1.1473
11/11/2018,61,19.56,93.25,393.008,656.5,1.1473
12/11/2018,61,19.56,93.25,392.672,666.5,1.1473
13/11/2018,65.6,20.14,93.25,366.632,639,1.1502
14/11/2018,67.5,19.73,93.25,370.272,644.5,1.1488
15/11/2018,67.825,19,93.25,373.072,637.75,1.1316
16/11/2018,70.1875,19,93.25,373.856,633.25,1.1316
17/11/2018,67.3,19,93.25,373.856,633.25,1.1316
18/11/2018,67.3,19,93.25,373.856,633.25,1.1316
19/11/2018,66.8,18.93,93.25,374.024,630.5,1.1225
20/11/2018,64.825,19.46,93.25,350.168,613,1.1248
21/11/2018,65.925,20.49,93.25,355.488,606,1.1222
22/11/2018,66.5,20.49,93.25,350.56,598.25,1.1222
23/11/2018,66.075,20.49,93.25,329.28,576.75,1.1222
24/11/2018,66,20.49,93.25,329.28,576.75,1.1222
25/11/2018,66,20.49,93.25,329.28,576.75,1.1222
26/11/2018,65.925,19.83,93.25,338.688,585.75,1.1307
27/11/2018,64.775,19.83,93.25,337.176,578.5,1.1307
28/11/2018,65.2875,19.83,93.25,329.056,566,1.1307
29/11/2018,62.3,19.83,93.25,333.256,559.75,1.1307
30/11/2018,64.35,19.67,93.25,328.776,550.75,1.1094
1/12/2018,66.05,19.83,86.2,332.976,545,1.1307
2/12/2018,66.05,19.83,86.2,332.976,545,1.1307
3/12/2018,66.05,19.83,86,345.464,567.25,1.1217
4/12/2018,66.1,19.83,85.8,347.648,576.5,1.1229
5/12/2018,63.925,19.83,86.05,344.736,576.75,1.125
6/12/2018,62.5,19.83,86.4,336.336,548,1.1245
7/12/2018,60.775,19.99,86.55,345.352,578.25,1.1225
8/12/2018,60.275,19.99,86.55,345.352,578.25,1.1245
9/12/2018,60.275,19.99,86.55,345.352,578.25,1.1245
10/12/2018,60.7,19.99,86.55,335.832,562.75,1.1081
11/12/2018,62.8125,19.99,86.95,337.12,559.25,1.1083
12/12/2018,63.875,19.99,87.7,336.84,565,1.1094
13/12/2018,64.9,19.99,87.9,344.12,557.5,1.113
14/12/2018,65.525,22.04,88.5,337.568,556.25,1.113
15/12/2018,66.5,23.63,88.5,337.568,556.25,1.113
16/12/2018,66.5,23.63,88.5,337.568,556.25,1.113
17/12/2018,66.775,23.63,88.6,333.816,550.25,1.113
18/12/2018,66.45,24.14,88.4,315.056,530.25,1.113
19/12/2018,64.575,23.75,88.25,320.544,538.75,1.1072
20/12/2018,65.96,24.41,88.55,304.36,522,1.107
21/12/2018,66.66,23.94,88,301.39,515.25,1.1085
22/12/2018,66,24.47,88,301.39,515.25,1.1085
23/12/2018,66,24.47,88,301.39,515.25,1.1085
24/12/2018,66.4,24.47,88,282.63,514,1.1106
25/12/2018,65.1,24.75,88,282.63,514,1.1106
26/12/2018,65.1,24.75,87.5,305.03,504.25,1.1106
27/12/2018,65.1,24.75,87.25,292.1,504.5,1.1102
28/12/2018,61.85,24.68,88,292.32,493.25,1.1078
29/12/2018,56.38,24.63,88,292.32,493.25,1.1078
30/12/2018,56.38,24.63,88,292.32,493.25,1.1078
31/12/2018,57.38,24.63,86.7,292.32,510.75,1.1179
1/1/2019,56,25.01,85.45,307.5,518,1.1179
2/1/2019,56,25.01,85.45,307.5,518,1.1091
3/1/2019,60.75,25.31,83.75,313.32,512.5,1.1073
4/1/2019,59.53,23.32,83.45,319.54,529,1.1113
5/1/2019,60.15,23.73,83.45,319.54,529,1.1113
6/1/2019,60.15,23.73,83.45,319.54,529,1.1113
7/1/2019,60,23.73,81.5,321.05,543.5,1.1146
8/1/2019,56.2,22.25,82.05,328.83,546.75,1.1143
9/1/2019,59.2,22.84,82.05,344.06,561,1.1122
10/1/2019,58.11,22.84,82.15,345.41,570.5,1.1059
11/1/2019,58.28,22.84,82.55,338.69,568.5,1.1109
12/1/2019,57.65,22.84,82.55,338.69,568.5,1.1109
13/1/2019,57,22.84,82.55,338.69,568.5,1.1109
14/1/2019,59.5,22.84,82,330.34,567.5,1.1203
15/1/2019,57.2,22.84,82.5,339.58,557,1.1233
16/1/2019,57.95,22.62,82.95,343.39,568.25,1.1288
17/1/2019,58.81,23.4,83.4,342.61,563.25,1.133
18/1/2019,60.91,23.67,83.2,351.12,574.25,1.1348
19/1/2019,60.35,24.86,83.2,351.12,574.25,1.1348
20/1/2019,60.35,24.86,83.2,351.12,574.25,1.1348
21/1/2019,60.3,24.86,82.3,351.34,574.25,1.1325
22/1/2019,58.61,24.47,82,344.4,565.25,1.1364
23/1/2019,58.51,25.21,81.95,342.38,568,1.1466
24/1/2019,59.54,24.72,81.85,342.1,567.25,1.1483
25/1/2019,56.3,24.07,81.5,345.18,568,1.155
26/1/2019,54.01,23.93,81.5,345.18,568,1.155
27/1/2019,54.01,23.93,81.5,345.18,568,1.155
28/1/2019,55.1,23.93,79,335.61,555.5,1.1509
29/1/2019,55.15,22.77,79.75,343.39,572.25,1.1509
30/1/2019,55.33,22.77,79.85,345.24,578.75,1.1449
31/1/2019,54.33,23.06,79.05,346.58,584.5,1.1418
1/2/2019,53.13,22,77.75,351.4,576.75,1.1412
2/2/2019,50.9,22,77.75,351.4,576.75,1.1374
3/2/2019,50.9,22,77.75,351.4,576.75,1.141
4/2/2019,51.13,23.07,76.3,350.06,578.75,1.141
5/2/2019,51.33,22.97,75.7,347.09,578,1.1416
6/2/2019,49.81,23.71,76.05,351.06,581,1.1401
7/2/2019,50.36,23.49,75.2,345.13,572.75,1.1384
8/2/2019,49.41,22.38,74.1,347.76,580,1.1377
9/2/2019,48.48,22.38,74.1,347.76,580,1.1418
10/2/2019,48.48,22.38,74.1,347.76,580,1.144
11/2/2019,48.53,22.41,73.6,344.46,576.5,1.144
12/2/2019,48.11,20.71,73.15,349.55,583,1.1418
13/2/2019,46.45,20.95,74.1,356.22,594.5,1.1395
14/2/2019,47.54,19.79,73.75,361.59,597.25,1.1382
15/2/2019,46.89,20.43,74.1,371,615.5,1.1386
16/2/2019,46.69,20.43,74.1,371,615.5,1.1355
17/2/2019,46.69,20.43,74.1,371,615.5,1.1416
18/2/2019,47.04,20.02,74.1,372.4,617.75,1.1416
19/2/2019,45.91,20.22,74.05,372.12,610.5,1.1412
20/2/2019,46.08,20.49,74.35,375.65,616.5,1.1429
21/2/2019,46.5,18.81,74.25,375.59,621,1.1489
22/2/2019,44.64,18.95,74.1,375.87,622,1.1535
23/2/2019,44.05,18.95,74.1,375.87,622,1.1481
24/2/2019,44.05,18.95,74.1,375.87,622,1.1481
25/2/2019,44.85,19.25,73.25,362.66,607,1.1481
26/2/2019,43.73,19.69,74.05,365.18,615.75,1.1525
27/2/2019,43.78,21.28,75.05,371.78,623.75,1.1579
28/2/2019,44.98,21.7,75.05,369.77,625,1.1648
1/3/2019,44.7,22,74.6,364.39,610.5,1.1632
2/3/2019,43.63,22,74.6,364.39,610.5,1.1632
3/3/2019,43.63,22,74.6,364.39,610.5,1.1632
4/3/2019,43.68,23.07,75.1,367.75,618.25,1.1658
5/3/2019,43.85,22.97,74.5,368.82,615.5,1.158
6/3/2019,43.46,23.71,73.45,369.54,615,1.1632
7/3/2019,42.71,23.49,73.15,371.28,615.25,1.1644
8/3/2019,42.65,22.38,72.35,368.14,603,1.1641
9/3/2019,42.86,22.38,72.35,368.14,603,1.1641
10/3/2019,42.86,22.38,72.35,368.14,603,1.1641
11/3/2019,42.88,22.41,72.3,372.85,611,1.1596
12/3/2019,42.45,20.71,72.65,373.35,608,1.1608
13/3/2019,40.75,20.95,71.8,378.28,609.25,1.1644
14/3/2019,39.18,19.79,71.95,376.49,610.75,1.1733
15/3/2019,38.81,20.43,71.4,376.1,606.75,1.1708
16/3/2019,37.36,20.43,71.4,376.1,606.75,1.1708
17/3/2019,37.36,20.43,71.4,376.1,606.75,1.1708
18/3/2019,38.19,20.02,71.45,378.22,605,1.1674
19/3/2019,38.18,20.22,71.25,378.62,609.25,1.1689
20/3/2019,37.35,20.49,71.2,383.6,618.5,1.159
21/3/2019,37.7,18.81,70.95,380.02,610.25,1.1541
22/3/2019,36.88,18.95,70.85,375.37,597.25,1.1643
23/3/2019,36.1,18.95,70.85,375.37,597.25,1.1643
24/3/2019,36.1,18.95,70.85,375.37,597.25,1.1643
25/3/2019,36.7,19.25,70.7,376.38,606.75,1.1677
26/3/2019,35.61,19.69,70.7,380.63,608.75,1.1719
27/3/2019,36.28,21.28,70.6,379.85,608.25,1.1748
28/3/2019,37.18,21.7,70.45,379.79,600,1.1688
29/3/2019,35.81,22.7,70.4,382.98,605.25,1.1651
30/3/2019,35.05,23.7,70.4,382.98,605.25,1.1651
31/3/2019,35.05,24.7,70.4,382.98,605.25,1.1651
1/4/2019,35.3,22,58.75,386.46,608.75,1.1632
2/4/2019,33.68,22,56.4,388.47,615.5,1.1632
3/4/2019,31.75,22,54.8,388.14,613,1.1632
4/4/2019,33.2,23.07,56.05,388.64,617.5,1.1658
5/4/2019,35,22.97,56.25,393.9,619.5,1.158
6/4/2019,38.63,23.71,56.25,393.9,619.5,1.1632
7/4/2019,38.63,23.49,56.25,393.9,619.5,1.1644
8/4/2019,39.5,22.38,58.7,398.16,627.5,1.1641
9/4/2019,38.06,22.38,59.05,395.42,625,1.1641
10/4/2019,42.2,22.38,59.8,401.69,629.75,1.1641
11/4/2019,40.4,22.41,59.8,396.65,632.75,1.1596
12/4/2019,40.55,20.71,60.15,400.68,633,1.1608
13/4/2019,39.15,20.95,60.15,400.68,633,1.1644
14/4/2019,39.15,19.79,60.15,400.68,633,1.1733
15/4/2019,39.33,20.43,59.4,398.61,629.75,1.1708
16/4/2019,36.93,20.43,59.6,401.63,633.5,1.1708
17/4/2019,35.35,20.43,59.6,401.07,637,1.1708
18/4/2019,35.84,20.02,59.4,403.03,635.5,1.1674
19/4/2019,33.1,20.22,59.4,403.03,635.5,1.1689
20/4/2019,33.1,20.49,59.4,403.03,635.5,1.159
21/4/2019,33.1,18.81,59.4,403.03,635.5,1.1541
22/4/2019,33.1,18.95,59.4,414.62,648.75,1.1643
23/4/2019,33.1,18.95,59.65,417.26,648.25,1.1643
24/4/2019,26.7,18.95,59.35,417.59,644.25,1.1643
25/4/2019,31.03,19.25,59.35,416.36,646.25,1.1677
26/4/2019,32.2,19.69,59,404.04,623.25,1.1719
27/4/2019,31.83,21.28,59,404.04,623.25,1.1748
28/4/2019,31.83,21.7,59,404.04,623.25,1.1688
29/4/2019,31.4,22.7,58.85,403.42,630.5,1.1651
30/4/2019,33.15,23.7,59.05,407.68,638,1.1651
1/5/2019,34.13,25.69,58.35,404.21,637.75,1.1594
2/5/2019,32.96,24.62,59.15,396.2,633,1.1637
3/5/2019,34.38,25.12,60.9,396.76,643.5,1.1657
4/5/2019,33.65,25.12,60.9,396.76,643.5,1.1657
5/5/2019,33.65,25.12,60.9,396.76,643.5,1.1657
6/5/2019,33.65,25.25,60.5,398.94,636.25,1.17
7/5/2019,34.7,26.32,59.6,391.33,630.5,1.1676
8/5/2019,31.83,26.82,60.45,394.07,636.75,1.1615
9/5/2019,34,26.42,59.35,394.18,629.5,1.1612
10/5/2019,37.88,25.54,59.15,395.47,636.25,1.1594
11/5/2019,36.25,25.54,59.15,395.47,636.25,1.1594
12/5/2019,36.25,25.62,59.15,395.47,636.25,1.1594
13/5/2019,36.15,24.95,58.7,393.29,639.25,1.1581
14/5/2019,32.51,25.81,59.25,398.94,636.25,1.1531
15/5/2019,31.95,25.89,58.95,401.91,650.5,1.1518
16/5/2019,31.48,25.49,58.5,406.67,665.25,1.1433
17/5/2019,29.73,24.92,58.4,404.38,657,1.1416
18/5/2019,29.95,25,58.4,404.38,657,1.1416
19/5/2019,29.95,25,58.4,404.38,657,1.1416
20/5/2019,30.08,25.12,58.3,403.03,651.5,1.1413
21/5/2019,30.6,25.3,58.2,404.21,645,1.1414
22/5/2019,29.8,26.29,58,397.54,632.5,1.1328
23/5/2019,29.55,25.98,57.8,379.46,607.5,1.1351
24/5/2019,29.23,25.4,57.5,384.66,604.75,1.1323
25/5/2019,28.73,25.4,57.5,384.66,604.75,1.1323
26/5/2019,28.73,25.4,57.5,384.66,604.75,1.1323
27/5/2019,28.73,25.51,57.5,392.62,621.25,1.1335
28/5/2019,29.28,25.4,57.05,392.62,618.75,1.1316
29/5/2019,30.26,25.45,56.9,388.92,605.75,1.1335
30/5/2019,28.88,25.22,56.8,374.47,598,1.1341
31/5/2019,27.55,24.39,56.8,361.14,577.5,1.1275
1/6/2019,26.78,24.39,56.8,361.14,577.5,1.1275
2/6/2019,26.78,24.39,56.8,361.14,577.5,1.1275
3/6/2019,26.25,23.67,51.55,343.17,562.25,1.1284
4/6/2019,26.19,24.49,52.3,347.03,561.25,1.1269
5/6/2019,29.45,24.18,51.6,339.53,543.5,1.1283
6/6/2019,28.55,23.91,51.85,345.35,543.75,1.1292
7/6/2019,27.24,23.91,52.35,354.42,560,1.1277
8/6/2019,28.4,24.44,52.35,354.42,560,1.1292
9/6/2019,28.4,24.44,52.35,354.42,560,1.1292
10/6/2019,28.35,24.44,53,348.82,561.5,1.1292
11/6/2019,30.45,24.91,51.05,348.82,560.5,1.1225
12/6/2019,29.36,24.75,50.5,335.83,552,1.1261
13/6/2019,29.56,24.75,50.25,343.34,558,1.1261
14/6/2019,30.93,24.99,50,347.26,564,1.1224
15/6/2019,29.95,24.99,50,347.26,564,1.1224
16/6/2019,29.95,24.99,50,347.26,564,1.1224
17/6/2019,29.5,24.96,49.35,341.26,558,1.121
18/6/2019,31.05,25.05,48.65,347.98,562.5,1.1185
19/6/2019,30.19,24.89,48.7,346.19,560.25,1.1233
20/6/2019,27.08,24.89,48.95,360.92,579.5,1.1216
21/6/2019,27,25.24,49,365.12,587,1.1183
22/6/2019,27.65,25.24,49,365.12,587,1.1183
23/6/2019,27.65,25.24,49,365.12,587,1.1183
24/6/2019,27.5,26.31,48.95,363.22,579.75,1.119
25/6/2019,27.28,26.31,48.95,364.28,589,1.1175
26/6/2019,25.2,26.31,48.9,372.34,599.25,1.116
27/6/2019,26.4,26.31,48.9,372.68,594,1.1182
28/6/2019,23.78,26.31,48.85,372.68,595,1.1182
29/6/2019,24.18,26.31,48.85,372.68,595,1.1182
30/6/2019,24.18,26.31,48.85,372.68,595,1.1182
1/7/2019,24.08,26.31,50.55,364.34,593.25,1.1146
2/7/2019,26.8,26.68,51.45,349.44,580,1.118
3/7/2019,27,26.47,52.8,357.39,576.5,1.1142
4/7/2019,27.4,25.97,55.3,354.48,577.5,1.1145
5/7/2019,27.01,25.97,56.3,359.69,579.5,1.1148
6/7/2019,30,25.97,56.3,359.69,579.5,1.1148
7/7/2019,30,25.97,56.3,359.69,579.5,1.1148
8/7/2019,29.9,25.97,57.05,359.02,582.75,1.1158
9/7/2019,32.2,25.97,56.4,359.3,579.75,1.1114
10/7/2019,31.16,28.15,58.1,375.26,598,1.112
11/7/2019,33.6,28.26,58.5,372.51,608.5,1.1137
12/7/2019,34.8,28.76,57.85,373.63,605,1.1137
13/7/2019,36.05,28.76,57.85,373.63,605,1.1137
14/7/2019,36.05,28.76,57.85,373.63,605,1.1137
15/7/2019,35.88,29.02,57.75,372.29,600.5,1.1127
16/7/2019,34.71,28.44,57.3,360.36,600,1.1079
17/7/2019,31.05,28.43,57.8,356.5,583,1.1069
18/7/2019,30.18,27.74,57.65,346.81,569,1.1129
19/7/2019,28.96,28.85,58,349.83,576,1.1156
20/7/2019,28.7,28.85,58,349.83,576,1.1156
21/7/2019,28.7,28.85,58,349.83,576,1.1156
22/7/2019,28.8,28.95,58.1,354.26,584.75,1.1115
23/7/2019,27.28,29.77,58.1,357.45,585,1.1132
24/7/2019,29.4,29.15,58.1,353.81,592.5,1.1218
25/7/2019,27.36,28.98,58.1,354.98,588.25,1.1241
26/7/2019,27.33,28.25,58.1,355.38,584,1.1157
27/7/2019,26.95,28.98,58.1,355.38,584,1.1157
28/7/2019,26.95,28.98,58.1,355.38,584,1.1157
29/7/2019,27.53,28.98,58,356.78,586.75,1.1057
30/7/2019,26.86,28.98,57.9,362.43,592.25,1.0911
31/7/2019,26.86,28.98,57.9,362.43,592.25,1.0911
1/8/2019,28.5,29.42,58.55,338.8,588,1.0971
2/8/2019,31.15,29.23,58.15,346.58,579.5,1.0928
3/8/2019,31.81,29.23,58.15,346.58,579.5,1.0928
4/8/2019,31.81,29.23,58.15,346.58,579.5,1.0928
5/8/2019,31.83,28.67,57.05,334.94,566.75,1.0884
6/8/2019,28.25,28.38,56.1,330.06,561.25,1.089
7/8/2019,24.58,28.25,56.15,314.89,536.25,1.0828
8/8/2019,26.9,28.51,56.5,321.33,544.5,1.0856
9/8/2019,27.35,28.1,56.25,327.77,556.5,1.0774
10/8/2019,28.18,28.1,56.25,327.77,556.5,1.0774
11/8/2019,28.18,28.1,56.25,327.77,556.5,1.0774
12/8/2019,29.21,26.68,56.3,327.99,557,1.0797
13/8/2019,29.98,27.08,56.4,343.28,576,1.0772
14/8/2019,30.08,26.89,56.1,333.09,561,1.0791
15/8/2019,27.35,25.97,56,326.09,560,1.0886
16/8/2019,26.2,25.95,55.9,328.38,559.5,1.0985
17/8/2019,26.15,25.95,55.9,328.38,559.5,1.0985
18/8/2019,26.15,25.95,55.9,328.38,559.5,1.0985
19/8/2019,25.98,26.55,55.8,334.54,561,1.0919
20/8/2019,25.9,26.55,55.65,336.17,563.5,1.0914
21/8/2019,27.18,26.55,55.35,337.68,572,1.0924
22/8/2019,28.15,26.55,55.1,335.55,565,1.0971
23/8/2019,28.68,26.55,54.9,332.3,556,1.1055
24/8/2019,26.25,26.55,54.9,332.3,556,1.1055
25/8/2019,26.25,26.55,54.9,332.3,556,1.1055
26/8/2019,26.25,26.55,54.9,328.72,558,1.1012
27/8/2019,26.5,26.55,54.95,333.26,553.5,1.1058
28/8/2019,27.6,26.55,54.8,338.74,569.5,1.101
29/8/2019,27.76,26.55,54.7,342.05,571.75,1.1046
30/8/2019,27.09,26.55,55,338.41,561,1.1042
31/8/2019,24.9,26.55,55,338.41,561,1.1042
1/9/2019,24.9,26.55,55,338.41,561,1.1042
2/9/2019,25,25.18,55.3,328.5,556.75,1.1011
3/9/2019,19.63,25.22,56.95,326.26,552.25,1.1003
4/9/2019,19.2,25.52,56.75,339.92,575.5,1.108
5/9/2019,19.28,25.53,57.4,341.32,587.75,1.1163
6/9/2019,20.68,25.08,57.65,344.62,577.25,1.1156
7/9/2019,25,25.08,57.65,344.62,577.25,1.1156
8/9/2019,25,25.08,57.65,344.62,577.25,1.1156
9/9/2019,24.83,25.01,58.4,350.5,593.75,1.1201
10/9/2019,26.45,26.72,60.65,349.33,602,1.1198
11/9/2019,29,26.27,60.45,340.54,590.75,1.1219
12/9/2019,25.63,26.43,60.75,338.13,576.25,1.1246
13/9/2019,28.25,26.37,60.95,337.23,577,1.1224
14/9/2019,31.1,26.37,60.95,337.23,577,1.1224
15/9/2019,31.1,26.37,60.95,337.23,577,1.1224
16/9/2019,29.75,26.37,61.75,386.51,637.25,1.1298
17/9/2019,30.38,26.2,61.55,361.48,620,1.126
18/9/2019,25.8,26.2,61.05,356.16,611,1.1271
19/9/2019,25.38,25.94,60.9,360.64,615.75,1.127
20/9/2019,24.28,26.51,61.25,359.97,617.25,1.1334
21/9/2019,24.98,26.51,61.25,359.97,617.25,1.1334
22/9/2019,24.98,26.51,61.25,359.97,617.25,1.1334
23/9/2019,25.4,26.51,60.9,362.71,612,1.132
24/9/2019,25.3,25.52,61,353.36,606,1.1344
25/9/2019,26.78,25.19,60.25,349.38,596.5,1.1278
26/9/2019,25,25.62,60.9,351.34,593.25,1.1299
27/9/2019,24.76,25.29,60.4,346.7,602.25,1.1264
28/9/2019,25.18,25.29,60.4,346.7,602.25,1.1264
29/9/2019,25.18,25.29,60.4,346.7,602.25,1.0985
30/9/2019,24.85,24.72,60.9,340.37,590.25,1.129
1/10/2019,21.63,25.04,60,329.78,583,1.1242
2/10/2019,26.55,24.2,59.4,323.06,567.25,1.124
3/10/2019,27.65,23.24,59.2,323.18,563.25,1.1263
4/10/2019,31.23,22.94,59.65,326.87,575.25,1.123
5/10/2019,28,22.94,59.65,326.87,575.25,1.123
6/10/2019,28,22.94,59.65,326.87,575.25,1.123
7/10/2019,27,23.41,60.25,326.76,584,1.1216
8/10/2019,26.05,22.53,61.3,326.14,574.5,1.1136
9/10/2019,25.15,22.53,60.75,326.59,586,1.113
10/10/2019,21.08,23.26,60.7,330.96,579.5,1.1092
11/10/2019,22.13,24.44,60.75,338.86,595.75,1.1426
12/10/2019,22.88,24.44,60.75,338.86,595.75,1.1426
13/10/2019,22.88,24.44,60.75,338.86,595.75,1.1426
14/10/2019,23.1,24.15,60.92,332.36,579.25,1.1366
15/10/2019,28.1,25.71,60.43,328.94,583.5,1.1487
16/10/2019,28.1,26.3,60.25,332.75,587.75,1.1553
17/10/2019,26.03,26.06,60.1,335.5,584,1.1515
18/10/2019,25.6,25.87,60,332.75,589.25,1.1569
19/10/2019,26.4,25.87,60,332.75,589.25,1.1569
20/10/2019,26.4,25.87,60,332.75,589.25,1.1569
21/10/2019,27.43,25.92,60.1,330.18,582,1.1637
22/10/2019,22.35,25.65,60.15,334.32,593,1.1619
23/10/2019,24.05,24.75,60.15,342.55,590.75,1.1573
24/10/2019,26.05,25.44,59.9,345.35,599,1.1589
25/10/2019,25.95,24.96,60.15,347.31,597.75,1.1548
26/10/2019,21.4,24.96,60.15,347.31,597.75,1.1548
27/10/2019,21.4,24.96,60.15,347.31,597.75,1.1548
28/10/2019,28.1,25.11,56.4,344.79,591.75,1.1584
29/10/2019,27.1,25.11,56.7,344.9,591.25,1.1584
30/10/2019,25.1,25.11,56.2,339.42,582,1.1601
31/10/2019,22.88,25.11,56.4,337.29,567,1.161
1/11/2019,23.1,25.28,56.95,345.46,574.5,1.1627
2/11/2019,29.24,25.28,56.95,345.46,574.5,1.1627
3/11/2019,29.24,25.28,56.95,345.46,574.5,1.1627
4/11/2019,28.15,25.62,56.75,347.93,590.75,1.1578
5/11/2019,31.78,25.5,56.9,352.58,587.5,1.1613
6/11/2019,34.53,24.78,56.1,345.74,584.25,1.1623
7/11/2019,33.78,24.93,56.2,348.82,580.75,1.1568
8/11/2019,35.83,24.83,55.8,350.06,573.25,1.1607
9/11/2019,38.13,24.83,55.8,350.06,573.25,1.1607
10/11/2019,38.13,24.83,55.8,350.06,573.25,1.1607
11/11/2019,38.2,24.92,55.2,348.21,580,1.1663
12/11/2019,36.7,24.11,55.3,347.54,575,1.1652
13/11/2019,39.03,24.38,55.3,349.27,575.25,1.166
14/11/2019,38.65,23.95,55.75,348.77,580.75,1.1676
15/11/2019,38.03,23.84,55.85,354.48,587.25,1.1674
16/11/2019,39.13,23.84,55.85,354.48,587.25,1.1674
17/11/2019,39.13,23.84,55.85,354.48,587.25,1.1674
18/11/2019,39.18,23.38,54.8,349.66,571.75,1.1719
19/11/2019,38.31,23.43,55.35,341.1,567.5,1.1686
20/11/2019,39,24.02,55.5,349.44,573.75,1.1667
21/11/2019,39.83,23.93,56.05,358.23,579,1.1689
22/11/2019,41,24.57,55.95,354.98,581.75,1.1631
23/11/2019,41.95,24.57,55.95,354.98,581.75,1.1631
24/11/2019,41.95,24.57,55.95,354.98,581.75,1.1631
25/11/2019,41.7,24.43,55.9,356.44,582.75,1.1694
26/11/2019,41.95,24.43,56.15,359.91,589.5,1.1667
27/11/2019,40.71,24.43,55.85,358.74,587.5,1.1703
28/11/2019,41.03,24.43,56.1,357.67,586.25,1.174
29/11/2019,41.1,24.43,56.4,349.61,572,1.1734
30/11/2019,39.8,24.43,56.4,349.61,572,1.1734
1/12/2019,39.8,24.33,58.65,338.74,571.75,1.1734
2/12/2019,40.45,24.33,57.3,341.15,574.75,1.1735
3/12/2019,39.08,24,56.4,340.59,570,1.1737
4/12/2019,36.59,24.74,56,352.8,579.5,1.1819
5/12/2019,35.38,24.69,55.2,354.98,584.25,1.1839
6/12/2019,31.35,24.94,54.35,360.58,587.75,1.1841
7/12/2019,32.85,24.94,54.35,360.58,587.75,1.1841
8/12/2019,32.85,24.94,54.35,360.58,587.75,1.1841
9/12/2019,32.95,25.13,54.2,359.8,586.75,1.1877
10/12/2019,33.28,24.94,53.6,360.3,590.75,1.1894
11/12/2019,32.71,24.48,53.5,356.83,579.75,1.187
12/12/2019,31.58,24.48,54,359.52,587,1.1826
13/12/2019,33.66,24.02,53.6,365.23,595.25,1.1975
14/12/2019,29.65,24.02,53.6,365.23,595.25,1.1975
15/12/2019,29.65,24.02,53.6,365.23,595.25,1.1975
16/12/2019,31.05,24.86,53.5,365.9,606.75,1.1988
17/12/2019,32.4,25.91,53.5,370.16,613.5,1.18
18/12/2019,31.95,26.43,53.5,370.55,609.75,1.1757
19/12/2019,34.18,26.69,53.35,372.62,614.5,1.1755
20/12/2019,34.18,26.51,53.45,370.38,613.5,1.1746
21/12/2019,31.68,26.51,53.45,370.38,613.5,1.1746
22/12/2019,31.68,26.51,53.45,370.38,613.5,1.1746
23/12/2019,32.15,26.38,53.4,371.78,612.5,1.1668
24/12/2019,29.43,25.92,53.2,376.32,615.25,1.1691
25/12/2019,27.33,25.92,53.2,376.32,615.25,1.1691
26/12/2019,27.33,25.92,53.2,380.35,623,1.1691
27/12/2019,27.33,26.58,53.5,381.7,626,1.1747
28/12/2019,27.73,26.58,53.5,381.7,626,1.1747
29/12/2019,27.73,26.58,53.5,381.7,626,1.1747
30/12/2019,28.05,24.93,52.75,383.26,623,1.1736
31/12/2019,30.15,24.93,53,383.26,614,1.1754
1/1/2020,26.4,24.84,52.1,371,615.25,1.1754
2/1/2020,26.78,24.26,52.1,371,615.25,1.1789
3/1/2020,26.83,24.88,52.75,384.16,625.5,1.1789
4/1/2020,28.68,24.88,52.75,384.16,625.5,1.1789
5/1/2020,28.68,24.88,52.75,384.16,625.5,1.1749
6/1/2020,29.45,24.13,52.65,385.9,621,1.1735
7/1/2020,27.98,24.45,52.55,382.31,618.5,1.1739
8/1/2020,27.93,23.97,52.5,366.46,608,1.1783
9/1/2020,28.4,24.58,52.7,366.07,595,1.1725
10/1/2020,29.3,24.12,52.9,363.89,593.75,1.1725
11/1/2020,29.48,24.12,52.9,363.89,593.75,1.1725
12/1/2020,29.48,24.12,52.9,363.89,593.75,1.1791
13/1/2020,29.35,24.06,53.5,359.52,577,1.166
14/1/2020,30.55,23.77,52.2,361.14,579.5,1.168
15/1/2020,28.59,24.43,51.8,358.4,575.75,1.1671
16/1/2020,28.78,24.77,51,361.87,576,1.17
17/1/2020,28.85,25.36,50.5,363.16,568.75,1.175
18/1/2020,28.3,25.36,50.5,363.16,568.75,1.175
19/1/2020,28.3,25.36,50.5,363.16,568.75,1.175
20/1/2020,28.28,25.08,49.75,365.12,576.75,1.1727
21/1/2020,27.68,24.85,50.6,361.7,569,1.1761
22/1/2020,27.83,24.94,50.25,353.98,552.25,1.1842
23/1/2020,27.08,24.63,50.4,347.42,545.5,1.1835
24/1/2020,27.05,24.31,50.25,339.86,536,1.1835
25/1/2020,27,24.31,50.25,339.86,536,1.1835
26/1/2020,27,24.31,50.25,339.86,536,1.1861
27/1/2020,27.5,24.51,50.35,332.19,511.5,1.182
28/1/2020,27.7,24.51,50.35,333.26,525,1.1823
29/1/2020,28.64,24.94,50.15,334.94,523.25,1.1823
30/1/2020,26.55,24.94,50.45,326.42,509,1.1879
31/1/2020,24.71,23.74,50.35,325.7,501,1.1879
1/2/2020,25.25,23.74,50.35,325.7,501,1.1879
2/2/2020,25.25,23.74,50.35,325.7,501,1.1879
3/2/2020,24.75,23.15,47.7,304.92,484.75,1.188
4/2/2020,24.7,23.3,48.9,302.18,492.75,1.1796
5/2/2020,24.98,23.71,49.45,309.57,507.25,1.1781
6/2/2020,24.8,23.5,48.9,307.61,508.25,1.1842
7/2/2020,23.08,23.26,48.2,305.03,506,1.1788
8/2/2020,22.63,23.26,48.2,305.03,506,1.1788
9/2/2020,22.63,23.26,48.2,305.03,506,1.1788
10/2/2020,22.6,23.11,47.5,298.31,493.25,1.1816
11/2/2020,22.14,23.25,48,302.46,495.25,1.1816
12/2/2020,21.6,23.83,48.75,312.42,508,1.1859
13/2/2020,21.7,24.35,49.9,315.5,512.5,1.1897
14/2/2020,20.98,24.24,50.3,320.99,514.5,1.1994
15/2/2020,21.55,24.24,50.3,320.99,514.5,1.1994
16/2/2020,21.55,24.24,50.3,320.99,514.5,1.1994
17/2/2020,21.65,25,50.55,322.95,510.25,1.202
18/2/2020,22.86,25.09,49.7,323.4,504,1.2014
19/2/2020,23.68,25.66,49.3,331.07,517,1.205
20/2/2020,25.29,25.59,48.4,332.14,519,1.2027
21/2/2020,23.33,25.56,48.3,327.6,508.5,1.1928
22/2/2020,24.09,25.56,48.3,327.6,508.5,1.1928
23/2/2020,24.09,25.56,48.3,327.6,508.5,1.1928
24/2/2020,23.13,24.53,48,315.28,485.5,1.1975
25/2/2020,24.53,24.14,48.15,307.72,485.75,1.1928
26/2/2020,24.75,24.22,48,299.21,468.75,1.1957
27/2/2020,24.91,23.56,47.9,292.21,445.25,1.1884
28/2/2020,24.28,24.53,47.8,282.91,441,1.1765
29/2/2020,24.75,23.61,47.8,282.91,441,1.1765
1/3/2020,24.75,23.61,46.85,290.64,453,1.1721
2/3/2020,25,23.49,46.85,290.64,453,1.1479
3/3/2020,25.11,23.33,46.95,290.42,458.5,1.1493
4/3/2020,26.15,23.8,47.3,286.33,460.75,1.1514
5/3/2020,25.15,23.77,47.8,279.94,455.25,1.1538
6/3/2020,25.45,23.39,47.4,253.51,413,1.1472
7/3/2020,23.65,23.39,47.4,253.51,413,1.1472
8/3/2020,23.65,23.39,47.4,253.51,413,1.1472
9/3/2020,23.13,23.25,46.4,192.42,358,1.1444
10/3/2020,22.4,24.07,46.4,208.43,367.25,1.1444
11/3/2020,23.98,23.89,46.5,200.42,372.5,1.1404
12/3/2020,24.75,22.49,45.8,186.03,337.25,1.1284
13/3/2020,24.9,21.89,46.55,189.56,336.5,1.1227
14/3/2020,23.61,21.89,46.55,189.56,336.5,1.1227
15/3/2020,23.61,21.89,46.55,189.56,336.5,1.1227
16/3/2020,24.2,19.41,46.5,168.28,306.25,1.0999
17/3/2020,22.85,18.25,47.1,160.89,300,1.101
18/3/2020,23.6,15.24,47.8,139.33,271.25,1.0847
19/3/2020,24.25,16.31,46.9,159.43,287.75,1.0754
20/3/2020,24.21,16.04,47.5,151.09,301,1.0986
21/3/2020,22.53,16.04,47.5,151.09,301,1.0986
22/3/2020,22.53,16.04,47.5,151.09,301,1.0986
23/3/2020,23.23,15.45,47.4,151.37,286,1.0756
24/3/2020,21.9,16.7,47.65,152.04,303.25,1.0858
25/3/2020,21.53,17.41,48.25,153.38,306,1.0929
26/3/2020,22.35,17.22,47.95,147.5,303.75,1.0947
27/3/2020,19.98,16.26,48.1,139.61,300.25,1.1143
28/3/2020,18.56,16.26,48.1,139.61,300.25,1.1143
29/3/2020,18.56,16.26,48.1,139.61,300.25,1.1143
30/3/2020,18.94,16.93,50.75,127.46,285.25,1.1249
31/3/2020,18.8,16.93,49.3,127.34,292.75,1.1281
1/4/2020,17.3,16.96,48.1,138.54,275.5,1.1305
2/4/2020,16.86,17.95,47.45,167.66,283.25,1.1398
3/4/2020,17.39,17.86,46.1,191.02,304,1.1383
4/4/2020,16.2,17.86,46.1,191.02,304,1.1383
5/4/2020,16.2,17.86,46.1,191.02,304,1.1383
6/4/2020,15.86,20.3,46.3,185.08,302.25,1.139
7/4/2020,15.93,20.41,47.05,178.47,305,1.1352
8/4/2020,16.74,21.04,46.6,183.9,297.75,1.137
9/4/2020,15.41,20.98,46.8,176.29,302.5,1.142
10/4/2020,14.48,20.98,46.8,176.29,302.5,1.142
11/4/2020,15.44,20.98,46.8,176.29,302.5,1.142
12/4/2020,15.44,20.98,46.8,176.29,302.5,1.142
13/4/2020,15.44,20.98,46.7,177.74,298.5,1.142
14/4/2020,15.44,19.73,45.75,165.76,279.5,1.1461
15/4/2020,14.89,19.17,45.3,155.06,260.75,1.1444
16/4/2020,13.81,20.85,45.5,155.79,271,1.1473
17/4/2020,14.25,21.61,45.4,157.25,275.5,1.1497
18/4/2020,13.08,21.61,45.4,157.25,275.5,1.1497
19/4/2020,13.08,21.61,45.4,157.25,275.5,1.1497
20/4/2020,13.26,21.29,45.55,143.19,261.75,1.1449
21/4/2020,10.41,19.77,45.45,108.25,216,1.1348
22/4/2020,9.28,20.57,45.15,114.07,212,1.1374
23/4/2020,11.83,20.94,44.9,119.45,227.75,1.1468
24/4/2020,11.63,20.66,45.05,120.06,205,1.1429
25/4/2020,10.63,20.66,45.05,120.06,205,1.1429
26/4/2020,10.63,20.66,45.05,120.06,205,1.1429
27/4/2020,10.75,20.2,39.1,111.94,190.75,1.146
28/4/2020,12.81,20.2,38.45,114.58,191.5,1.1484
29/4/2020,13.38,20.2,39,126.22,208.5,1.1445
30/4/2020,12.73,20.2,39.85,141.51,236.75,1.1507
1/5/2020,12.89,18.9,39.5,148.06,239.75,1.1507
2/5/2020,13.33,18.9,39.5,148.06,239.75,1.1507
3/5/2020,13.33,18.9,39.5,148.06,239.75,1.1507
4/5/2020,13.08,19.28,39,152.32,231.5,1.1377
5/5/2020,14.06,19.02,39.6,173.43,259.75,1.1486
6/5/2020,13.73,18.93,40,166.43,246,1.1461
7/5/2020,13.85,19.47,40.2,164.98,256,1.1431
8/5/2020,13.88,19.28,40,173.43,260.25,1.1424
9/5/2020,13.88,19.28,40,173.43,260.25,1.1424
10/5/2020,13.88,19.28,40,173.43,260.25,1.1424
11/5/2020,14.18,18.99,39.9,165.93,258,1.138
12/5/2020,13.23,18.45,39.7,167.89,250,1.1393
13/5/2020,12.84,18.59,39.35,163.46,245.25,1.1332
14/5/2020,12.75,18.76,39.1,174.33,255.25,1.13
15/5/2020,12.63,19.09,38.75,182,269.75,1.1269
16/5/2020,12.45,19.09,38.75,182,269.75,1.1269
17/5/2020,12.45,19.09,38.75,182,269.75,1.1269
18/5/2020,12.1,20.26,38.85,194.94,302.75,1.1217
19/5/2020,11.28,20.26,38.85,194.04,290.25,1.1169
20/5/2020,11.15,20.26,38.8,200.2,299.5,1.1191
21/5/2020,10.6,20.26,38.75,201.94,296.5,1.1118
22/5/2020,8.55,20.26,38.65,196.73,287.75,1.1165
23/5/2020,9.1,20.26,38.65,196.73,287.75,1.1165
24/5/2020,9.1,20.26,38.65,196.73,287.75,1.1165
25/5/2020,9.1,20.26,38.75,198.97,299.75,1.1171
26/5/2020,9.6,20.26,38.6,202.55,297,1.1251
27/5/2020,10.08,20.26,38.7,194.54,286.75,1.1161
28/5/2020,8.9,20.26,38.8,197.62,281,1.1145
29/5/2020,8.59,20.26,38.5,197.85,283.75,1.11
30/5/2020,9.6,20.26,38.5,197.85,283.75,1.11
31/5/2020,9.6,21.4,38.5,197.85,283.75,1.11
1/6/2020,9.08,20.9,44.85,214.59,303,1.1152
2/6/2020,8.61,22,46.75,221.59,322.75,1.1225
3/6/2020,10.93,22.01,46.6,222.82,316.75,1.1228
4/6/2020,12.38,22.14,45.7,223.94,312.5,1.115
5/6/2020,12.05,23.17,46.2,236.88,341,1.118
6/6/2020,12.3,23.17,46.2,236.88,341,1.118
7/6/2020,12.3,23.17,46.2,236.88,341,1.118
8/6/2020,13.03,22.65,45.95,228.48,339.5,1.1214
9/6/2020,12.65,22.42,45.6,230.61,339,1.1221
10/6/2020,12.49,22.85,44.95,233.69,345.25,1.1241
11/6/2020,11.24,22.21,44.35,215.88,322.75,1.1153
12/6/2020,12.65,21.93,44.5,216.89,328.5,1.1154
13/6/2020,13.55,21.93,44.5,216.89,328.5,1.1154
14/6/2020,13.55,21.93,44.5,216.89,328.5,1.1154
15/6/2020,13.63,22.1,45,222.43,330.5,1.1155
16/6/2020,14.48,22.72,44.8,229.38,346,1.1189
17/6/2020,13.61,22.69,44.6,227.98,349.5,1.118
18/6/2020,13.88,24.4,44.7,232.46,353.75,1.1108
19/6/2020,13.86,24.09,45,236.26,364.5,1.1049
20/6/2020,14.03,24.09,45,236.26,364.5,1.1049
21/6/2020,14.03,24.09,45,236.26,364.5,1.1049
22/6/2020,14.1,24.46,45.6,241.25,364.5,1.1071
23/6/2020,13.66,25.35,44.85,238.73,367.75,1.1034
24/6/2020,14.6,25.33,45.25,225.74,345.75,1.1069
25/6/2020,14.83,25.11,45.25,229.88,344.5,1.1095
26/6/2020,13.53,24.66,45.45,229.71,339,1.1041
27/6/2020,13.33,24.66,45.45,229.71,339,1.1041
28/6/2020,13.33,24.66,45.45,229.71,339,1.1041
29/6/2020,13.63,26.55,50.05,233.58,348,1.0924
30/6/2020,14.93,26.63,49.85,230.44,352.25,1.096
1/7/2020,15.33,27.65,51.05,241.58,52,1.1058
2/7/2020,15.23,27.31,51.05,241.58,52,1.1083
3/7/2020,13.78,27.85,50.9,239.68,51.3,1.1096
4/7/2020,13.04,27.85,50.9,239.68,51.3,1.1096
5/7/2020,13.04,27.85,50.9,239.68,51.3,1.1096
6/7/2020,13.53,29.64,51.2,241.36,52.5,1.1049
7/7/2020,14.78,29.32,50.65,241.25,52.1,1.1093
8/7/2020,15.24,29.25,49.5,242.42,50.75,1.1121
9/7/2020,14.73,28.54,49.3,237.16,49.6,1.1154
10/7/2020,13.7,28.96,48.7,242.14,48.9,1.1164
11/7/2020,12.64,28.96,48.7,242.14,48.9,1.1164
12/7/2020,12.64,28.96,48.7,242.14,48.9,1.1164
13/7/2020,12.85,29.27,48.8,239.23,48.8,1.1119
14/7/2020,11.93,29.56,48.65,240.24,49,1.1016
15/7/2020,12.68,28.75,49,245.22,49.6,1.1045
16/7/2020,12.63,26.52,49,242.87,48.9,1.1004
17/7/2020,12.6,27.74,49.25,241.58,49.75,1.098
18/7/2020,12.56,27.74,49.25,241.58,49.75,1.098
19/7/2020,12.56,27.74,49.25,241.58,49.75,1.098
20/7/2020,12.95,26.09,49.05,242.37,49.6,1.1041
21/7/2020,12.78,26.54,49.6,248.19,51,1.1104
22/7/2020,12.65,26.55,49.7,248.02,51.15,1.0974
23/7/2020,12.86,27.25,49.6,242.54,51.1,1.0966
24/7/2020,13.2,26.29,49.55,242.7,50.75,1.0991
25/7/2020,12.23,26.29,49.55,242.7,50.75,1.0991
26/7/2020,12.23,26.29,49.55,242.7,50.75,1.0991
27/7/2020,12.7,24.93,49.5,243.1,49.85,1.0948
28/7/2020,11.59,24.93,49.7,242.03,50.25,1.0993
29/7/2020,12.85,24.93,49.7,245,51,1.1064
30/7/2020,13.21,24.93,49.85,240.46,51.25,1.1078
31/7/2020,12.83,25.54,49.9,242.48,51.9,1.1105
1/8/2020,13.38,25.54,49.9,242.48,416.9,1.1105
2/8/2020,13.38,25.54,49.9,242.48,416.9,1.1105
3/8/2020,13.33,26.06,51.7,247.24,373,1.111
4/8/2020,15.63,26.77,51.6,248.81,373.75,1.107
5/8/2020,15.65,26.71,51.3,252.95,390,1.1078
6/8/2020,16.18,26.33,50.2,252.5,377.5,1.1107
7/8/2020,18.25,26.36,50.8,248.64,371.5,1.1065
8/8/2020,19.43,26.36,50.8,248.64,371.5,1.1065
9/8/2020,19.43,26.36,50.8,248.64,371.5,1.1065
10/8/2020,19.48,26.66,50.55,251.94,370.75,1.1092
11/8/2020,19.36,26.14,50.3,249.2,378.25,1.1131
12/8/2020,18.68,25.92,49.7,254.41,378.25,1.1053
13/8/2020,18.03,25.38,49.5,251.78,376.5,1.1065
14/8/2020,18.59,25.42,49.25,250.88,374.5,1.109
15/8/2020,19.78,25.42,49.25,250.88,374.5,1.109
16/8/2020,19.78,25.42,49.25,250.88,374.5,1.109
17/8/2020,19.85,26.26,49.4,254.07,375,1.1034
18/8/2020,20.13,26.51,49.35,254.58,380,1.1065
19/8/2020,21.95,26.2,49.15,254.07,376.75,1.1069
20/8/2020,21.29,25.88,48.9,251.44,371,1.109
21/8/2020,19.83,25.62,48.65,248.36,360,1.1141
22/8/2020,17.63,25.62,48.65,248.36,360,1.1141
23/8/2020,17.63,25.62,48.65,248.36,360,1.1141
24/8/2020,18.54,27.45,48.8,252.73,370.75,1.109
25/8/2020,22.39,27.45,48.9,256.82,378.5,1.1118
26/8/2020,23.78,27.45,48.95,255.58,371,1.115
27/8/2020,25.18,27.45,48.9,252.5,362.5,1.1173
28/8/2020,24.68,27.45,49,252.28,365.5,1.1177
29/8/2020,24.5,27.45,49,252.28,365.5,1.1177
30/8/2020,24.5,27.45,49,252.28,365.5,1.1177
31/8/2020,24.5,29.52,52.9,252.28,362,1.116
1/9/2020,26.93,27.72,52.7,255.25,371.75,1.1239
2/9/2020,28.1,28.21,51.5,248.81,361.25,1.1256
3/9/2020,27.03,28.72,51.5,246.79,342,1.1219
4/9/2020,28.71,27.34,51.4,238.9,343.25,1.1195
5/9/2020,30.5,27.34,51.4,238.9,343.25,1.1195
6/9/2020,30.5,27.34,51.4,238.9,343.25,1.1195
7/9/2020,30.39,27.04,51,235.26,336,1.1132
8/9/2020,28.65,26.78,51.2,222.77,317.25,1.1055
9/9/2020,27.85,27.19,51.2,228.42,324.75,1.0963
10/9/2020,28.16,28.4,51.7,224.34,322.75,1.0918
11/9/2020,27.8,28.24,51.7,223.05,324,1.0822
12/9/2020,26.13,28.24,51.7,223.05,324,1.0822
13/9/2020,26.13,28.24,51.7,223.05,324,1.0822
14/9/2020,26.7,30.44,51.7,221.82,319.75,1.0847
15/9/2020,27.76,29.76,51.8,226.97,320,1.0858
16/9/2020,28.43,29.96,51.9,236.43,325.25,1.0938
17/9/2020,30.1,28.41,51.9,242.48,340,1.0925
18/9/2020,29,27.97,52,241.64,339.75,1.0951
19/9/2020,28.73,27.97,52,241.64,339.75,1.0951
20/9/2020,28.73,27.97,52,241.64,339.75,1.0951
21/9/2020,29.51,26.38,52.1,232.06,321.75,1.0916
22/9/2020,30.18,27.83,52.1,233.63,322.25,1.09
23/9/2020,31.21,26.48,52.15,233.91,325.75,1.0883
24/9/2020,32.43,26.77,52.25,234.86,320.75,1.0962
25/9/2020,31.53,26.15,52.35,234.75,325.25,1.0948
26/9/2020,31.93,26.15,52.35,234.75,325.25,1.0948
27/9/2020,31.93,26.15,52.35,234.75,325.25,1.0948
28/9/2020,32.15,27.69,57.2,237.61,330.25,1.1049
29/9/2020,34.58,27.69,57.05,229.77,325.5,1.0993
30/9/2020,33.99,27.69,57.2,229.32,329.5,1.0961
1/10/2020,33.55,26.49,56.4,219.91,318.75,1.1023
2/10/2020,32.6,27.01,56.4,219.91,318.75,1.1029
3/10/2020,33.78,27.01,56.4,219.91,318.75,1.1029
4/10/2020,33.78,27.01,56.4,219.91,318.75,1.1029
5/10/2020,34.55,26.92,57.7,231.22,333,1.1012
6/10/2020,36.25,26.78,57.7,238.84,345.5,1.0982
7/10/2020,35.73,26.89,57.65,235.14,336,1.0939
8/10/2020,37.93,26.33,57.7,242.7,346.5,1.0985
9/10/2020,38.63,25.71,57.6,239.96,349.25,1.0969
10/10/2020,37.75,25.71,57.6,239.96,349.25,1.0969
11/10/2020,37.75,25.71,57.6,239.96,349.25,1.0969
12/10/2020,38.35,25.87,56.85,233.63,337,1.1038
13/10/2020,38.65,25.21,56.5,237.72,339.25,1.1039
14/10/2020,36.95,25.75,56.6,242.59,343,1.1063
15/10/2020,38.6,24.96,56.8,241.7,341.5,1.1045
16/10/2020,39.7,24.89,57,240.41,344.75,1.0999
17/10/2020,40.78,24.89,57,240.41,344.75,1.0999
18/10/2020,40.78,24.89,57,240.41,344.75,1.0999
19/10/2020,40.28,24.98,57.1,238.67,341,1.1039
20/10/2020,39.6,24.41,57.1,241.7,337.25,1.0949
21/10/2020,39.86,23.57,56.5,233.69,328,1.1019
22/10/2020,40.03,24.18,56.75,237.78,336.25,1.1078
23/10/2020,41.3,25.49,56.7,233.91,335,1.1028
24/10/2020,40.63,25.49,56.7,233.91,335,1.1028
25/10/2020,40.63,25.49,56.7,233.91,335,1.1028
26/10/2020,41.5,23.85,56.7,226.58,320.25,1.1019
27/10/2020,39.98,23.85,56.55,230.72,329.5,1.1023
28/10/2020,40.25,23.85,56.5,219.07,314.75,1.103
29/10/2020,38.13,23.85,56.1,210.84,304,1.1058
30/10/2020,37.73,23.85,56.05,209.78,305,1.1085
31/10/2020,33.13,23.71,56.05,209.78,305,1.1085
1/11/2020,33.13,23.71,56.05,209.78,305,1.1085
2/11/2020,34.53,23.67,50.9,218.23,310,1.1105
3/11/2020,36,24.38,51.05,222.38,319.25,1.1106
4/11/2020,37.75,25.11,50.85,230.89,330,1.1117
5/11/2020,37.3,25.98,51.4,229.21,328.75,1.1056
6/11/2020,38.3,25.42,50.8,220.92,323.75,1.1058
7/11/2020,36.68,25.42,50.8,220.92,323.75,1.1058
8/11/2020,36.68,25.42,50.8,220.92,323.75,1.1058
9/11/2020,36.36,26.55,51.05,237.44,345.75,1.1084
10/11/2020,37.68,26.23,51.35,244.22,353.25,1.1213
11/11/2020,36.41,26.13,51.4,245.28,361,1.1244
12/11/2020,36.7,25.92,52.05,243.77,355.25,1.114
13/11/2020,36.98,26.28,52.7,239.57,344.75,1.115
14/11/2020,37.13,26.28,52.7,239.57,344.75,1.115
15/11/2020,37.13,26.28,52.7,239.57,344.75,1.115
16/11/2020,38,27.39,52.95,245.39,352.75,1.1134
17/11/2020,37.35,26.64,52.75,245,350.25,1.1163
18/11/2020,35.13,27.19,52.85,248.3,360.75,1.1189
19/11/2020,36.78,26.35,52.75,247.52,357.75,1.1188
20/11/2020,35.59,26.74,53,251.78,359.5,1.1187
21/11/2020,33.25,26.74,53,251.78,359.5,1.1187
22/11/2020,33.25,26.74,53,251.78,359.5,1.1187
23/11/2020,34.18,27.25,52.95,257.94,370.25,1.125
24/11/2020,36.6,27.63,53.2,268.02,388.75,1.1234
25/11/2020,38.8,27.62,53.55,272.22,389.25,1.122
26/11/2020,39.33,28.1,53.55,267.68,389,1.122
27/11/2020,40.45,28.13,53.6,269.81,391.5,1.118
28/11/2020,40.6,28.13,53.6,269.81,391.5,1.118
29/11/2020,40.6,28.13,53.6,269.81,391.5,1.118
30/11/2020,41.03,28.13,61.15,266.5,387,1.113
1/12/2020,42.31,28.13,62,270.2,393.25,1.1136
2/12/2020,42.25,28.13,62,270.2,393.25,1.1051
3/12/2020,42.98,28.13,61.85,272.78,399,1.1067
4/12/2020,40.08,28.13,63.2,275.8,400.25,1.1076
5/12/2020,42.3,28.13,63.2,275.8,400.25,1.1076
6/12/2020,42.3,28.13,63.2,275.8,400.25,1.1076
7/12/2020,42.55,28.13,62.95,273.22,404.5,1.0963
8/12/2020,41,28.13,63.05,273.5,405,1.0972
9/12/2020,40.54,29.7,63.3,273.62,401.5,1.1111
10/12/2020,40.78,30.9,64,281.4,418.25,1.0977
11/12/2020,42.96,30.52,65.1,279.83,412,1.0835
12/12/2020,43.23,30.52,65.1,279.83,412,1.0835
13/12/2020,43.23,30.52,65.1,279.83,412,1.0835
14/12/2020,43.2,30.81,65.4,281.62,410.5,1.1025
15/12/2020,46.1,30.81,65.8,284.26,419.75,1.1014
16/12/2020,45.53,30.81,65.6,286.05,418.75,1.1117
17/12/2020,44.94,30.81,65.65,288.4,426.75,1.1105
18/12/2020,43,30.81,66,292.66,433.5,1.101
19/12/2020,41.08,30.81,66,292.66,433.5,1.101
20/12/2020,41.08,30.81,66,292.66,433.5,1.101
21/12/2020,41.33,30.81,66.1,285.1,414.25,1.0916
22/12/2020,47.15,30.81,66.1,280.45,418,1.0971
23/12/2020,48.29,30.81,66.05,286.72,427,1.1025
24/12/2020,46.68,30.81,66.1,287.22,423.5,1.1136
25/12/2020,48.01,30.81,66.1,287.22,423.5,1.1136
26/12/2020,48.01,30.81,66.1,287.22,423.5,1.1136
27/12/2020,48.01,30.81,66.1,287.22,423.5,1.1136
28/12/2020,48.01,30.81,71.65,284.82,426.75,1.1061
29/12/2020,50.16,30.81,70,286.1,424.75,1.1006
30/12/2020,56.54,30.81,69.4,287.5,425.25,1.1073
31/12/2020,56.08,30.81,69,287.5,420.75,1.1123
1/1/2021,57.75,32.72,69,290.08,423,1.1123
2/1/2021,57.75,32.72,69,290.08,423,1.1123
3/1/2021,57.75,32.72,69,290.08,423,1.1123
4/1/2021,57.45,33.56,69.3,286.1,422,1.1091
5/1/2021,59.7,32.84,64.9,300.16,434.5,1.107
6/1/2021,54.25,33.51,64.25,304.08,438,1.1033
7/1/2021,54.45,34.64,66.6,304.53,439.75,1.1088
8/1/2021,58.8,34.8,68.5,313.54,447.25,1.1095
9/1/2021,62,34.8,68.5,313.54,447.25,1.1095
10/1/2021,62,34.8,68.5,313.54,447.25,1.1095
11/1/2021,61.6,34.42,68.5,311.7,449.25,1.1082
12/1/2021,67.5,34.54,70.5,316.85,460.5,1.1181
13/1/2021,78.9,33.54,70.15,313.94,460.25,1.1238
14/1/2021,65.45,33.42,69.9,315.95,459.5,1.1243
15/1/2021,64.2,31.64,68.6,308.56,452,1.1236
16/1/2021,56.25,31.64,68.6,308.56,452,1.1236
17/1/2021,56.25,31.64,68.6,308.56,452,1.1236
18/1/2021,57.75,31.53,67.25,306.6,453.5,1.1227
19/1/2021,53.13,32.99,67.5,313.04,459.25,1.1223
20/1/2021,55.39,32.82,67.5,314.05,459.5,1.1291
21/1/2021,55.79,34.02,67.55,314.16,455,1.1283
22/1/2021,56.55,34.15,67.5,310.3,449.25,1.123
23/1/2021,60.35,34.15,67.5,310.3,449.25,1.123
24/1/2021,60.35,34.15,67.5,310.3,449.25,1.123
25/1/2021,60.65,33.08,67.45,312.93,448.5,1.1261
26/1/2021,56.9,33.08,67.65,313.1,451,1.1274
27/1/2021,53.33,33.08,67.7,312.54,456,1.1313
28/1/2021,53.45,33.08,67.8,310.97,451.25,1.1286
29/1/2021,57.25,33.08,67.8,312.93,450.25,1.1314
30/1/2021,53.83,33.08,67.8,312.93,450.25,1.1314
31/1/2021,53.83,32.95,67.8,312.93,450.25,1.1314
1/2/2021,55.23,32.95,65.6,314.16,462.25,1.1338
2/2/2021,49.28,32.95,65.4,320.32,471.75,1.1354
3/2/2021,49.35,37.38,63.75,325.75,474,1.1345
4/2/2021,47.35,37.22,65,327.99,475.75,1.1403
5/2/2021,49.35,38.15,66.45,330.85,481.25,1.1424
6/2/2021,48.96,38.15,66.45,330.85,481.25,1.1424
7/2/2021,48.96,38.15,66.45,330.85,481.25,1.1424
8/2/2021,50.35,38.56,68.25,337.51,486.75,1.1385
9/2/2021,57.5,38.21,68.6,339.98,488.25,1.1386
10/2/2021,54.28,39.28,68,341.99,491.5,1.1409
11/2/2021,51.7,38.71,67.35,339.98,492.25,1.1395
12/2/2021,48.3,39.97,67,346.53,492.25,1.1396
13/2/2021,45.8,39.97,67,346.53,492.25,1.1396
14/2/2021,45.8,39.97,67,346.53,492.25,1.1396
15/2/2021,45.9,39.47,65.3,351.23,497,1.1465
16/2/2021,41.8,38.82,65.3,351.46,496.5,1.145
17/2/2021,43,38.05,65.35,356.16,498.25,1.15
18/2/2021,41.76,38.28,65.55,353.64,501.75,1.1555
19/2/2021,43.99,37.37,65.95,347.98,499.5,1.156
20/2/2021,42.18,37.37,65.95,347.98,499.5,1.156
21/2/2021,42.18,37.37,65.95,347.98,499.5,1.156
22/2/2021,42.13,37.37,65.95,360.42,507,1.1557
23/2/2021,39.45,37.37,65.9,361.09,509.75,1.1586
24/2/2021,40.24,37.37,65.7,361.09,519,1.1624
25/2/2021,41.05,37.37,65.8,370.22,521.5,1.1573
26/2/2021,40.73,37.37,66.15,360.75,514.5,1.1487
27/2/2021,40.78,37.37,66.15,360.75,514.5,1.1487
28/2/2021,40.78,37.28,66.15,360.75,514.5,1.1487
1/3/2021,41.26,37.08,66.15,348.21,511.5,1.1553
2/3/2021,43.55,38.3,66.15,348.21,506.5,1.157
3/3/2021,44.38,37.42,65.7,334.1,510.75,1.1581
4/3/2021,43.58,38.11,65.2,370.72,520.25,1.1592
5/3/2021,44.68,38.96,65.25,384.61,525.75,1.1587
6/3/2021,45.78,37.28,65.25,384.61,525.75,1.1587
7/3/2021,45.78,37.28,65.25,384.61,525.75,1.1587
8/3/2021,44.88,39.07,65.5,379.12,526.5,1.1665
9/3/2021,44.38,40.58,65.5,379.12,526.5,1.1668
10/3/2021,43.83,41.47,65.8,377.33,520,1.1675
11/3/2021,45.6,41.86,65.8,386.4,528.25,1.1673
12/3/2021,46.73,42.79,66.05,384.61,530.5,1.165
13/3/2021,47.88,42.79,66.05,384.61,530.5,1.165
14/3/2021,47.88,42.79,66.05,384.61,530.5,1.165
15/3/2021,47.3,42.3,66.35,382.65,525.75,1.1673
16/3/2021,45.05,41.49,66.3,380.07,523.75,1.1635
17/3/2021,43.05,42.87,67.55,378.39,524.75,1.1673
18/3/2021,45.88,42.28,68.1,352.97,515,1.1686
19/3/2021,44.58,41.85,68.45,360.36,511,1.166
20/3/2021,42.01,41.85,68.45,360.36,511,1.166
21/3/2021,42.01,41.85,68.45,360.36,511,1.166
22/3/2021,42.63,42.72,68.5,361.31,515.5,1.1596
23/3/2021,44.05,41.32,68.5,340.82,503.75,1.1601
24/3/2021,45.13,41.49,68.5,359.8,510.75,1.1594
25/3/2021,45.33,40.26,68.5,314.83,497.25,1.1619
26/3/2021,45.25,41.63,68.5,360.81,512.5,1.1695
27/3/2021,46.5,41.63,68.5,360.81,512.5,1.1695
28/3/2021,46.5,41.63,68.5,360.81,512.5,1.1695
29/3/2021,46.51,41.75,70.6,363.55,507.5,1.1748
30/3/2021,46.33,41.95,70,359.35,508.25,1.1713
31/3/2021,46.03,42.45,70.05,351.34,508,1.1736
1/4/2021,48.13,42.37,70.2,360.98,501,1.1738
2/4/2021,48.65,42.37,70.2,360.98,501,1.1738
3/4/2021,48.65,42.37,70.2,360.98,501,1.1738
4/4/2021,48.65,42.37,70.2,360.98,501,1.1738
5/4/2021,48.65,41.95,70.2,360.98,501,1.1713
6/4/2021,50.29,44.14,70.3,349.61,510.75,1.1715
7/4/2021,53.69,43.77,68.8,351.74,502.75,1.1619
8/4/2021,52.53,43.39,67.2,351.18,505.5,1.1589
9/4/2021,52.43,43.56,67.55,350.17,506.5,1.154
10/4/2021,51.25,43.56,67.55,350.17,506.5,1.154
11/4/2021,51.25,43.56,67.55,350.17,506.5,1.154
12/4/2021,51.88,44.39,68.35,352.02,511,1.1558
13/4/2021,56.5,43.76,68.85,354.37,512.25,1.1534
14/4/2021,55.73,43.73,69.15,370.44,526,1.1505
15/4/2021,55.59,44.08,70.2,372.12,524.25,1.1527
16/4/2021,56.48,44.33,71.6,371.22,524.5,1.1522
17/4/2021,57.38,44.33,71.6,371.22,524.5,1.1522
18/4/2021,57.38,44.33,71.6,371.22,524.5,1.1522
19/4/2021,56.78,44.27,71.5,372.18,523.25,1.158
20/4/2021,56.68,44.81,71.5,369.15,514.75,1.1588
21/4/2021,55.8,45.82,71.5,362.21,516,1.1594
22/4/2021,56.41,47,71.8,362.6,516.25,1.1513
23/4/2021,56.18,46.86,71.8,366.35,519.75,1.1507
24/4/2021,51.18,46.86,71.8,366.35,519.75,1.1507
25/4/2021,51.18,46.86,71.8,366.35,519.75,1.1507
26/4/2021,53.88,47.11,71.7,364.17,520.75,1.1498
27/4/2021,54.98,47.2,71.85,368.87,523.25,1.1508
28/4/2021,58.28,47.69,71.75,373.97,532.75,1.1496
29/4/2021,59.13,47.91,71.9,381.08,533.25,1.1506
30/4/2021,60.94,48.73,71.9,373.86,524.75,1.1512
1/5/2021,65.5,48.73,77.45,371.17,525,1.1512
2/5/2021,65.5,48.73,77.45,371.17,525,1.1512
3/5/2021,65.5,49.31,78.65,375.98,531.75,1.1516
4/5/2021,64,48.5,78.5,383.32,536.25,1.1525
5/5/2021,65.2,49.33,80.05,383.88,541.5,1.1591
6/5/2021,65.45,49.82,81.55,379.23,538,1.1533
7/5/2021,68,50.33,82.5,380.8,540,1.1519
8/5/2021,62,50.33,82.5,380.8,540,1.1519
9/5/2021,62,50.33,82.5,380.8,540,1.1519
10/5/2021,62.09,52.1,83.8,381.3,539,1.1602
11/5/2021,66.5,52.91,84.8,382.87,544.25,1.1626
12/5/2021,66.4,55.17,85.85,387.18,552,1.1655
13/5/2021,66.85,54.35,85.7,374.53,536.25,1.1619
14/5/2021,68.6,56.49,85.4,382.93,541.25,1.1617
15/5/2021,70.98,56.49,85.4,382.93,541.25,1.1617
16/5/2021,70.98,56.49,85.4,382.93,541.25,1.1617
17/5/2021,68.85,56.15,84.5,387.18,544.25,1.1599
18/5/2021,67.75,52.9,84.6,383.71,544,1.1628
19/5/2021,65,49.55,84,372.57,528,1.1596
20/5/2021,59.65,52.58,84.75,364.39,530.5,1.1574
21/5/2021,63,51.65,85.2,371.56,532.25,1.1646
22/5/2021,66,51.65,85.2,371.56,532.25,1.1646
23/5/2021,66,51.65,85.2,371.56,532.25,1.1646
24/5/2021,66.8,52.68,85.5,382.87,541.25,1.1573
25/5/2021,63.75,53.24,85.75,383.54,543.25,1.1551
26/5/2021,70.43,53.59,85.65,384.89,544.25,1.1583
27/5/2021,70.65,51.76,85.75,387.52,545.5,1.1619
28/5/2021,65.33,50.95,85.75,384.83,547.5,1.166
29/5/2021,62.88,50.95,85.75,384.83,547.5,1.166
30/5/2021,62.88,50.95,85.75,384.83,547.5,1.166
31/5/2021,62.88,51.62,93.2,388.19,549,1.1626
1/6/2021,61.01,52.32,95.8,391.16,551.75,1.1589
2/6/2021,63.45,51.32,96.4,397.32,555,1.1611
3/6/2021,62.08,50.17,100.5,396.98,552.25,1.1634
4/6/2021,63.06,49.9,101.25,400.34,555.75,1.167
5/6/2021,62.4,49.9,101.25,400.34,555.75,1.167
6/6/2021,62.4,49.9,101.25,400.34,555.75,1.167
7/6/2021,62.23,51.38,106,398.22,557.5,1.1652
8/6/2021,63.4,52.08,105.75,402.14,559.25,1.1614
9/6/2021,67.64,53.42,108.25,401.8,561.75,1.1621
10/6/2021,67.83,53.69,110,403.09,562.75,1.1588
11/6/2021,68.03,52.58,110,403.82,561.75,1.1667
12/6/2021,67.41,52.58,110,403.82,561.75,1.1667
13/6/2021,67.41,52.58,110,403.82,561.75,1.1667
14/6/2021,67.78,52.8,109,404.82,564.75,1.1642
15/6/2021,69.98,51.3,108,410.48,566,1.1608
16/6/2021,69.83,51.24,108,412.1,571.5,1.1651
17/6/2021,68.23,50.81,107.8,404.82,562.25,1.1692
18/6/2021,70.03,51.8,107.75,407.29,563.25,1.1657
19/6/2021,74.88,51.8,107.75,407.29,563.25,1.1657
20/6/2021,74.88,51.8,107.75,407.29,563.25,1.1657
21/6/2021,74.7,52.33,107,414.68,567.25,1.1673
22/6/2021,74.5,53.31,107.25,414.85,569.25,1.1688
23/6/2021,78.13,54.56,108,417.2,574.25,1.1705
24/6/2021,80.45,54.98,108.25,418.94,571.75,1.1644
25/6/2021,80.63,54.95,108.5,422.13,573.25,1.1635
26/6/2021,82.4,54.95,108.5,422.13,573.25,1.1635
27/6/2021,82.4,54.95,108.5,422.13,573.25,1.1635
28/6/2021,82.33,55.4,113.15,415.18,567.75,1.1667
29/6/2021,79.15,55.53,115.05,415.97,570.5,1.1635
30/6/2021,82.86,56.25,120.75,417.87,568,1.1654
